City_ID,City,Country,Date,Lat,Lng,Max Temp,Humidity,Cloudiness,Wind Speed
0,Clyde River,CA,2021-01-29 20:53:04,70.4692,-68.5914,-9.4,84,1,9.22
1,Morgan City,US,2021-01-29 20:53:04,29.6994,-91.2068,64.0,55,1,5.75
2,Mar Del Plata,AR,2021-01-29 20:53:05,-38.0023,-57.5575,80.6,39,75,12.66
3,Totness,SR,2021-01-29 20:53:05,5.8833,-56.3167,78.84,80,52,10.65
4,Dikson,RU,2021-01-29 20:53:05,73.5069,80.5464,-31.13,85,100,6.04
5,Tete,MZ,2021-01-29 20:53:05,-16.1564,33.5867,77.0,88,40,5.75
6,Batagay-Alyta,RU,2021-01-29 20:53:05,67.8006,130.4114,-28.88,81,100,1.57
7,Atuona,PF,2021-01-29 20:53:06,-9.8,-139.0333,78.67,77,3,19.15
8,Torbay,CA,2021-01-29 20:53:06,47.6666,-52.7314,28.0,93,90,20.71
9,Rikitea,PF,2021-01-29 20:53:06,-23.1203,-134.9692,79.88,67,97,6.49
10,Busselton,AU,2021-01-29 20:53:06,-33.65,115.3333,61.0,85,0,4.0
11,Pochutla,MX,2021-01-29 20:48:17,15.7432,-96.4661,91.99,43,40,9.22
12,Barrow,US,2021-01-29 20:52:47,71.2906,-156.7887,-11.2,70,90,10.36
13,Chalmette,US,2021-01-29 20:53:07,29.9427,-89.9634,59.0,51,1,4.61
14,Carnarvon,AU,2021-01-29 20:53:07,-24.8667,113.6333,78.8,89,2,6.91
15,Lufilufi,WS,2021-01-29 20:53:07,-13.8745,-171.5986,77.0,94,90,19.57
16,Rio Grande,BR,2021-01-29 20:51:31,-32.035,-52.0986,82.99,83,75,3.44
17,Veraval,IN,2021-01-29 20:53:08,20.9,70.3667,65.07,29,64,13.29
18,Iqaluit,CA,2021-01-29 20:53:08,63.7506,-68.5145,-13.0,70,1,18.41
19,Karasuk,RU,2021-01-29 20:53:08,53.7377,78.0403,12.81,97,91,8.03
20,Leningradskiy,RU,2021-01-29 20:53:08,69.3833,178.4167,-23.85,84,97,8.97
21,Tasiilaq,GL,2021-01-29 20:53:08,65.6145,-37.6368,17.6,86,75,21.85
22,Albany,US,2021-01-29 20:53:09,42.6001,-73.9662,17.01,43,64,5.99
23,Avarua,CK,2021-01-29 20:53:09,-21.2078,-159.775,84.2,79,20,8.05
24,Lata,PT,2021-01-29 20:53:09,40.1629,-8.3327,57.0,93,100,1.99
25,Punta Arenas,CL,2021-01-29 20:49:27,-53.15,-70.9167,50.0,62,75,23.02
26,Mataura,NZ,2021-01-29 20:53:10,-46.1927,168.8643,48.0,80,29,8.01
27,Hermanus,ZA,2021-01-29 20:53:10,-34.4187,19.2345,66.99,78,87,4.0
28,Yar-Sale,RU,2021-01-29 20:53:10,66.8333,70.8333,-41.37,80,16,4.56
29,Jamestown,US,2021-01-29 20:53:10,42.097,-79.2353,21.0,73,90,16.11
30,Sorland,NO,2021-01-29 20:53:10,67.667,12.6934,29.66,89,0,10.89
31,Hobart,AU,2021-01-29 20:51:52,-42.8794,147.3294,62.01,94,40,5.75
32,Bluff,NZ,2021-01-29 20:53:11,-46.6,168.3333,48.0,80,87,8.01
33,Hilo,US,2021-01-29 20:50:24,19.7297,-155.09,71.6,83,90,4.74
34,Ushuaia,AR,2021-01-29 20:51:19,-54.8,-68.3,41.0,75,75,25.32
35,Protivin,CZ,2021-01-29 20:53:11,49.1995,14.2172,43.0,93,100,15.99
36,Joao Pinheiro,BR,2021-01-29 20:53:12,-17.7425,-46.1725,78.51,60,94,2.57
37,Dingle,PH,2021-01-29 20:53:12,10.9995,122.6711,73.62,90,100,11.99
38,Goma,CD,2021-01-29 20:53:12,-1.6792,29.2228,63.19,76,52,2.73
39,Vaini,TO,2021-01-29 20:53:12,-21.2,-175.2,77.0,94,75,13.8
40,Hearst,CA,2021-01-29 20:53:13,49.6835,-83.6665,3.2,78,100,4.61
41,Klaksvik,FO,2021-01-29 20:53:13,62.2266,-6.589,33.8,64,75,9.22
42,Irbeyskoye,RU,2021-01-29 20:53:13,55.6428,95.4522,5.58,94,100,3.58
43,Richards Bay,ZA,2021-01-29 20:53:13,-28.783,32.0377,72.55,87,93,2.1
44,Arraial Do Cabo,BR,2021-01-29 20:53:14,-22.9661,-42.0278,82.4,65,0,19.57
45,Luganville,VU,2021-01-29 20:50:04,-15.5333,167.1667,81.81,78,97,2.57
46,Imbituba,BR,2021-01-29 20:53:14,-28.24,-48.6703,73.4,94,75,18.41
47,Naze,JP,2021-01-29 20:53:14,28.3667,129.4833,49.24,74,53,13.87
48,Namibe,AO,2021-01-29 20:53:14,-15.1961,12.1522,74.19,75,25,11.7
49,Christchurch,NZ,2021-01-29 20:53:14,-43.5333,172.6333,59.0,71,90,8.05
50,Port Hardy,CA,2021-01-29 20:50:00,50.6996,-127.4199,42.8,81,90,12.66
51,Perelyub,RU,2021-01-29 20:53:15,51.8667,50.3667,25.3,98,95,4.88
52,Komsomolskiy,UZ,2021-01-29 20:53:15,40.4272,71.7189,30.2,51,57,4.61
53,Slave Lake,CA,2021-01-29 20:53:15,55.2834,-114.769,1.4,78,1,11.5
54,Mahebourg,MU,2021-01-29 20:53:16,-20.4081,57.7,80.6,78,75,11.5
55,Kalmunai,LK,2021-01-29 20:53:16,7.4167,81.8167,75.47,90,99,8.59
56,Airai,TL,2021-01-29 20:49:26,-8.9266,125.4092,61.65,100,100,4.38
57,Ribeira Grande,PT,2021-01-29 20:53:16,38.5167,-28.7,60.8,77,20,8.05
58,Coihaique,CL,2021-01-29 20:49:24,-45.5752,-72.0662,62.6,39,20,11.5
59,Dukat,RU,2021-01-29 20:53:16,62.55,155.55,-31.45,82,100,3.58
60,Davidson,US,2021-01-29 20:49:36,36.1501,-86.7833,46.0,36,1,4.61
61,Broken Hill,AU,2021-01-29 20:53:17,-31.95,141.4333,66.2,68,0,16.11
62,Saint-Pierre,RE,2021-01-29 20:53:17,-21.3393,55.4781,78.8,65,0,4.61
63,Jiaojiang,CN,2021-01-29 20:53:17,28.6803,121.4428,37.0,65,0,2.82
64,Sulangan,PH,2021-01-29 20:53:17,11.1373,123.7228,79.32,81,100,28.25
65,Palu,ID,2021-01-29 20:53:18,-0.8917,119.8707,72.81,81,97,2.35
66,Cape Town,ZA,2021-01-29 20:51:22,-33.9258,18.4232,69.01,82,20,11.5
67,Krasnoselkup,RU,2021-01-29 20:53:18,65.7,82.4667,-30.23,81,46,6.35
68,Albanel,CA,2021-01-29 20:51:21,48.8832,-72.4487,6.8,72,100,12.66
69,Bethel,US,2021-01-29 20:53:18,41.3712,-73.414,19.4,45,1,16.11
70,Adrar,MR,2021-01-29 20:53:19,20.5022,-10.0711,69.94,21,0,9.22
71,Port Elizabeth,ZA,2021-01-29 20:53:19,-33.918,25.5701,62.6,88,40,6.91
72,Motygino,RU,2021-01-29 20:53:19,58.1831,94.7592,-23.33,85,100,7.36
73,Port Alfred,ZA,2021-01-29 20:53:19,-33.5906,26.891,64.99,87,1,1.99
74,Isangel,VU,2021-01-29 20:53:19,-19.55,169.2667,77.0,88,20,15.14
75,Sao Filipe,CV,2021-01-29 20:53:20,14.8961,-24.4956,75.61,56,77,10.83
76,Harindanga,IN,2021-01-29 20:49:24,22.0383,88.3214,62.6,82,20,4.61
77,Severo-Kurilsk,RU,2021-01-29 20:53:20,50.6789,156.125,20.82,91,98,14.16
78,Khatanga,RU,2021-01-29 20:53:20,71.9667,102.5,-44.73,73,0,2.06
79,Praya,CV,2021-01-29 20:53:20,14.9215,-23.5087,75.2,57,0,17.27
80,Vysha,RU,2021-01-29 20:53:20,53.8477,42.3777,26.92,97,98,11.43
81,San Andres,CO,2021-01-29 20:53:20,12.5847,-81.7006,86.0,62,20,11.5
82,Nanortalik,GL,2021-01-29 20:53:21,60.1432,-45.2371,32.79,90,100,8.86
83,Yellowknife,CA,2021-01-29 20:53:21,62.456,-114.3525,-15.0,76,20,8.05
84,Port Hedland,AU,2021-01-29 20:50:00,-20.3167,118.5667,82.4,83,16,3.44
85,Thompson,CA,2021-01-29 20:53:21,55.7435,-97.8558,6.8,78,90,5.75
86,Matamoros,MX,2021-01-29 20:53:21,25.5333,-103.25,77.0,31,20,1.81
87,Teluknaga,ID,2021-01-29 20:53:22,-6.0989,106.6381,75.2,94,75,10.36
88,Grindavik,IS,2021-01-29 20:53:22,63.8424,-22.4338,35.6,75,75,6.91
89,Sao Jose Da Coroa Grande,BR,2021-01-29 20:53:22,-8.8978,-35.1478,79.0,82,99,10.29
90,Obidos,BR,2021-01-29 20:50:35,-1.9175,-55.5181,83.82,74,61,2.93
91,Hithadhoo,MV,2021-01-29 20:53:22,-0.6,73.0833,81.37,76,56,9.64
92,Salcaja,GT,2021-01-29 20:53:22,14.8833,-91.45,72.0,28,0,34.52
93,Puerto Baquerizo Moreno,EC,2021-01-29 20:53:23,-0.9,-89.6,84.2,74,75,14.97
94,Orlik,RU,2021-01-29 20:53:23,52.5178,99.825,4.14,84,80,6.04
95,Ucluelet,CA,2021-01-29 20:53:23,48.9329,-125.5528,44.01,87,90,14.97
96,Birnin Kebbi,NG,2021-01-29 20:53:23,12.4539,4.1975,76.51,18,18,12.17
97,Point Fortin,TT,2021-01-29 20:53:24,10.1833,-61.6833,84.0,76,44,4.0
98,Butaritari,KI,2021-01-29 20:53:24,3.0707,172.7902,80.6,75,93,18.63
99,Codrington,AU,2021-01-29 20:53:24,-38.2667,141.9667,60.46,81,100,11.63
100,Ambon,ID,2021-01-29 20:53:24,-3.6954,128.1814,80.73,80,100,11.36
101,Antsohihy,MG,2021-01-29 20:53:24,-14.8796,47.9875,72.75,94,92,3.33
102,Brora,GB,2021-01-29 20:53:25,58.0099,-3.8518,39.2,87,40,3.44
103,Victoria Falls,ZW,2021-01-29 20:53:25,-17.9235,25.843,68.7,94,100,3.27
104,Kavieng,PG,2021-01-29 20:53:26,-2.5744,150.7967,82.81,82,94,14.72
105,Chuy,UY,2021-01-29 20:53:26,-33.6971,-53.4616,77.14,68,2,7.61
106,Waren,DE,2021-01-29 20:53:26,53.5167,12.6833,30.0,77,100,6.2
107,Tiksi,RU,2021-01-29 20:53:26,71.6872,128.8694,-32.19,84,100,4.27
108,Demba,CD,2021-01-29 20:53:27,-5.51,22.2667,71.69,87,93,2.48
109,Port Moresby,PG,2021-01-29 20:53:27,-9.4431,147.1797,75.2,94,90,9.22
110,Alice Town,BS,2021-01-29 20:53:27,25.7167,-79.3,67.73,66,93,15.55
111,Geraldton,AU,2021-01-29 20:53:27,-28.7667,114.6,82.4,21,0,23.02
112,Anadyr,RU,2021-01-29 20:53:27,64.75,177.4833,-20.0,76,0,8.95
113,Kapaa,US,2021-01-29 20:53:27,22.0752,-159.319,75.2,69,75,19.57
114,Bredasdorp,ZA,2021-01-29 20:48:39,-34.5322,20.0403,68.14,74,90,3.94
115,Ormara,PK,2021-01-29 20:53:28,25.2088,64.6357,66.65,45,0,5.46
116,Ajdabiya,LY,2021-01-29 20:53:28,30.7554,20.2263,59.05,69,0,9.4
117,Nortelandia,BR,2021-01-29 20:53:29,-14.4547,-56.8028,84.72,70,94,3.83
118,Kodiak,US,2021-01-29 20:53:29,57.79,-152.4072,33.8,69,75,16.11
119,Saskylakh,RU,2021-01-29 20:53:29,71.9167,114.0833,-38.79,79,59,1.48
120,Kanniyakumari,IN,2021-01-29 20:53:29,8.0833,77.5667,78.28,79,62,16.13
121,Mandalgovi,MN,2021-01-29 20:51:05,45.7625,106.2708,15.33,90,59,13.4
122,Praia Da Vitoria,PT,2021-01-29 20:53:29,38.7333,-27.0667,59.0,72,20,6.53
123,Cherskiy,RU,2021-01-29 20:53:30,68.75,161.3,-32.64,83,48,4.38
124,Mount Gambier,AU,2021-01-29 20:53:30,-37.8333,140.7667,57.2,100,90,9.22
125,Victoria,HK,2021-01-29 20:51:45,22.2855,114.1577,60.01,71,0,1.01
126,Xiaoweizhai,CN,2021-01-29 20:53:31,26.1903,107.5125,44.6,77,100,3.65
127,Vostochnyy,RU,2021-01-29 20:53:31,55.8167,37.8667,32.0,74,40,11.18
128,Biak,ID,2021-01-29 20:53:31,-0.9131,122.8766,75.85,71,100,4.0
129,Dale,US,2021-01-29 20:53:31,38.1689,-86.99,41.0,56,1,9.22
130,Qaanaaq,GL,2021-01-29 20:53:31,77.484,-69.3632,-14.84,60,0,4.59
131,Saldanha,ZA,2021-01-29 20:53:31,-33.0117,17.9442,65.03,89,0,12.68
132,Mehamn,NO,2021-01-29 20:53:32,71.0357,27.8492,19.4,73,0,4.61
133,Pulaski,US,2021-01-29 20:53:32,34.7668,-92.3001,53.01,46,40,9.22
134,Kumluca,TR,2021-01-29 20:53:32,36.3703,30.2869,47.48,50,0,3.85
135,Korfez,TR,2021-01-29 20:51:30,40.7767,29.7297,48.2,61,0,13.8
136,Bahia Blanca,AR,2021-01-29 20:52:54,-38.7196,-62.2724,76.37,39,89,16.55
137,Lakes Entrance,AU,2021-01-29 20:53:33,-37.8811,147.981,66.0,97,83,1.01
138,Chemal,RU,2021-01-29 20:53:33,51.4111,86.005,21.7,89,100,6.26
139,Charyshskoye,RU,2021-01-29 20:53:33,51.3978,83.5598,23.9,91,100,7.63
140,San Francisco,US,2021-01-29 20:52:31,37.7749,-122.4194,54.0,71,20,5.75
141,Valreas,FR,2021-01-29 20:53:33,44.3837,4.9908,51.8,58,0,6.91
142,Shelburne,CA,2021-01-29 20:53:34,44.0787,-80.2041,15.01,79,100,12.66
143,Flinders,AU,2021-01-29 20:53:34,-34.5833,150.8552,71.01,98,99,3.0
144,Tecoanapa,MX,2021-01-29 20:53:34,16.5167,-98.75,84.54,50,84,9.62
145,Baoding,CN,2021-01-29 20:53:34,38.8511,115.4903,27.72,70,0,3.18
146,Semporna,MY,2021-01-29 20:53:34,4.4818,118.6112,75.2,94,20,2.3
147,Rocha,UY,2021-01-29 20:53:35,-34.4833,-54.3333,79.45,49,21,8.7
148,Warrington,GB,2021-01-29 20:51:47,53.3925,-2.5802,42.01,89,100,1.01
149,Chivay,PE,2021-01-29 20:53:35,-15.6383,-71.6011,53.73,47,37,13.53
150,Santa Cruz,BO,2021-01-29 20:50:40,-17.8,-63.1667,80.33,71,99,17.05
151,Keti Bandar,PK,2021-01-29 20:53:35,24.1447,67.4497,62.46,67,0,8.25
152,Stepnyak,KZ,2021-01-29 20:53:36,52.8339,70.7803,17.01,92,57,10.89
153,Barcarena,BR,2021-01-29 20:53:36,-1.5058,-48.6258,84.2,74,75,9.22
154,Wakkanai,JP,2021-01-29 20:53:36,45.4094,141.6739,24.46,97,100,19.8
155,Bilma,NE,2021-01-29 20:53:36,18.6853,12.9164,63.81,26,16,6.35
156,Port Macquarie,AU,2021-01-29 20:49:55,-31.4333,152.9167,71.01,99,87,5.48
157,Yunyang,CN,2021-01-29 20:53:37,33.4474,112.7142,41.61,62,30,1.41
158,Roma,US,2021-01-29 20:53:37,43.2128,-75.4557,15.8,53,1,18.41
159,Katherine,AU,2021-01-29 20:53:37,-14.4667,132.2667,78.8,89,40,3.44
160,Todos Santos,MX,2021-01-29 20:53:37,23.45,-110.2167,71.01,78,32,7.0
161,Georgetown,MY,2021-01-29 20:53:37,5.4112,100.3354,77.0,78,20,3.44
162,Inta,RU,2021-01-29 20:53:38,66.0317,60.1659,-11.76,85,99,16.53
163,Meulaboh,ID,2021-01-29 20:53:38,4.1363,96.1285,73.96,89,100,6.8
164,Zhaoyang,CN,2021-01-29 20:53:38,42.682,126.0305,8.53,95,100,8.48
165,Ponta Delgada,PT,2021-01-29 20:53:38,37.7333,-25.6667,59.0,88,20,6.91
166,Esperance,AU,2021-01-29 20:53:38,-33.8667,121.9,55.4,94,1,5.75
167,Puerto Del Rosario,ES,2021-01-29 20:53:39,28.5004,-13.8627,66.2,88,0,6.91
168,Saint-Philippe,RE,2021-01-29 20:53:39,-21.3585,55.7679,78.8,65,0,4.61
169,Merauke,ID,2021-01-29 20:53:39,-8.4667,140.3333,79.61,85,86,13.82
170,San Patricio,US,2021-01-29 20:53:39,28.017,-97.5169,73.4,49,75,14.97
171,Olga,RU,2021-01-29 20:53:39,43.7444,135.2892,-8.21,81,31,8.84
172,Bell Ville,AR,2021-01-29 20:53:39,-32.6259,-62.6887,93.56,28,31,1.66
173,Chokurdakh,RU,2021-01-29 20:53:40,70.6333,147.9167,-24.3,86,100,7.63
174,Yeppoon,AU,2021-01-29 20:53:40,-23.1333,150.7333,73.4,78,33,9.22
175,Najran,SA,2021-01-29 20:49:06,17.4924,44.1277,66.2,22,0,4.16
176,Buraydah,SA,2021-01-29 20:53:40,26.326,43.975,60.8,41,0,5.75
177,Longyearbyen,SJ,2021-01-29 20:53:41,78.2186,15.6401,-2.2,55,20,23.02
178,Lebu,CL,2021-01-29 20:53:41,-37.6167,-73.65,58.32,94,98,3.62
179,Ginda,IN,2021-01-29 20:53:41,30.6945,78.4932,36.46,52,0,7.72
180,Makat,KZ,2021-01-29 20:53:41,47.6469,53.3463,30.94,96,71,10.36
181,Katsuura,JP,2021-01-29 20:53:41,35.1333,140.3,37.4,48,0,18.41
182,Quatre Cocos,MU,2021-01-29 20:53:41,-20.2078,57.7625,80.6,78,75,11.5
183,Fortuna,US,2021-01-29 20:53:42,40.5982,-124.1573,54.0,87,40,4.61
184,Umm Lajj,SA,2021-01-29 20:53:42,25.0213,37.2685,64.18,53,16,11.54
185,Tuktoyaktuk,CA,2021-01-29 20:53:42,69.4541,-133.0374,-34.6,74,20,3.44
186,Barra Patuca,HN,2021-01-29 20:53:42,15.8,-84.2833,80.4,65,21,8.12
187,Wangaratta,AU,2021-01-29 20:53:42,-36.3667,146.3333,69.8,94,90,1.14
188,Gimli,CA,2021-01-29 20:53:43,50.6336,-96.9907,12.2,79,100,8.05
189,Tuatapere,NZ,2021-01-29 20:50:08,-46.1333,167.6833,48.0,80,4,8.01
190,Faanui,PF,2021-01-29 20:53:43,-16.4833,-151.75,80.83,69,52,6.78
191,Bengkulu,ID,2021-01-29 20:49:48,-3.8004,102.2655,75.25,88,100,6.26
192,Salalah,OM,2021-01-29 20:53:43,17.0151,54.0924,73.4,64,75,8.05
193,Qui Nhon,VN,2021-01-29 20:53:44,13.7667,109.2333,68.81,84,79,13.33
194,Puerto Ayora,EC,2021-01-29 20:53:44,-0.7393,-90.3518,86.0,66,20,12.66
195,Kilindoni,TZ,2021-01-29 20:53:44,-7.9139,39.6668,82.71,77,76,15.57
196,Eirunepe,BR,2021-01-29 20:53:44,-6.6603,-69.8736,76.5,95,99,2.06
197,Mecca,SA,2021-01-29 20:53:44,21.4267,39.8261,68.25,56,0,9.57
198,Hambantota,LK,2021-01-29 20:53:44,6.1241,81.1185,75.96,78,100,7.43
199,Mao,ES,2021-01-29 20:50:22,39.8885,4.2658,55.4,94,0,5.75
200,Majene,ID,2021-01-29 20:53:45,-3.5403,118.9707,78.26,75,100,4.21
201,Letnica,PL,2021-01-29 20:53:45,51.8981,15.333,28.99,86,75,3.76
202,Nikolskoye,RU,2021-01-29 20:53:45,59.7035,30.7861,33.01,93,75,8.95
203,Trindade,BR,2021-01-29 20:52:14,-16.6494,-49.4889,89.6,37,40,5.75
204,Verkhnevilyuysk,RU,2021-01-29 20:53:46,63.4453,120.3167,-49.81,76,90,2.53
205,Pacifica,US,2021-01-29 20:53:46,37.6138,-122.4869,54.0,71,20,5.75
206,Curup,ID,2021-01-29 20:53:46,-3.4667,102.5333,67.06,93,99,2.13
207,Ketchikan,US,2021-01-29 20:53:46,55.3422,-131.6461,32.0,86,90,6.91
208,Vardo,NO,2021-01-29 20:53:46,70.3705,31.1107,23.0,93,90,18.41
209,Saint George,US,2021-01-29 20:53:46,37.1041,-113.5841,44.01,81,90,4.61
210,Sitka,US,2021-01-29 20:53:47,57.0531,-135.33,37.4,52,90,18.41
211,Bulawayo,ZW,2021-01-29 20:53:47,-20.15,28.5833,65.41,91,91,5.23
212,Kargasok,RU,2021-01-29 20:53:47,59.0556,80.8572,-28.37,84,0,9.04
213,Pangnirtung,CA,2021-01-29 20:53:48,66.1451,-65.7125,-9.4,77,1,4.61
214,Padang,ID,2021-01-29 20:53:48,-0.9492,100.3543,75.2,94,75,4.61
215,Ponta Do Sol,PT,2021-01-29 20:53:48,32.6667,-17.1,57.99,75,68,3.0
216,Beyneu,KZ,2021-01-29 20:53:48,45.3167,55.2,38.68,84,100,10.63
217,Zeerust,ZA,2021-01-29 20:53:48,-25.5369,26.0751,68.0,94,100,8.05
218,Hisar,IN,2021-01-29 20:51:01,29.1667,75.7167,49.66,42,0,3.96
219,Suileng,CN,2021-01-29 20:53:49,47.25,127.0833,-13.68,89,100,7.02
220,Mahajanga,MG,2021-01-29 20:53:49,-15.7167,46.3167,75.2,88,40,8.05
221,Mega,ET,2021-01-29 20:53:49,4.05,38.3,64.51,42,0,20.76
222,Antofagasta,CL,2021-01-29 20:50:12,-23.65,-70.4,71.6,64,20,14.97
223,Beringovskiy,RU,2021-01-29 20:53:50,63.05,179.3167,-15.97,86,16,9.33
224,Aklavik,CA,2021-01-29 20:53:50,68.2191,-135.0107,-31.0,68,40,2.3
225,Oskemen,KZ,2021-01-29 20:53:50,49.9565,82.6119,-0.4,92,8,4.29
226,New Norfolk,AU,2021-01-29 20:53:50,-42.7826,147.0587,63.0,91,62,1.97
227,Upernavik,GL,2021-01-29 20:53:50,72.7868,-56.1549,-7.31,82,86,11.95
228,Kendari,ID,2021-01-29 20:50:21,-3.945,122.4989,73.81,94,100,2.3
229,Acapulco,MX,2021-01-29 20:51:15,16.8634,-99.8901,86.0,66,75,12.66
230,Changping,CN,2021-01-29 20:53:51,40.2186,116.2197,26.01,67,0,2.24
231,Vila Franca Do Campo,PT,2021-01-29 20:53:51,37.7167,-25.4333,59.0,88,20,6.91
232,Sur,OM,2021-01-29 20:53:51,22.5667,59.5289,64.38,55,0,7.9
233,Chimbote,PE,2021-01-29 20:53:51,-9.0853,-78.5783,75.27,65,26,12.68
234,Bolshevik,BY,2021-01-29 20:53:52,54.0065,27.5692,24.8,93,90,13.42
235,Alice Springs,AU,2021-01-29 20:53:52,-23.7,133.8833,79.0,78,40,6.91
236,Trairi,BR,2021-01-29 20:53:52,-3.2778,-39.2689,80.87,75,100,11.27
237,Porto Torres,IT,2021-01-29 20:53:52,40.835,8.3972,57.2,82,0,4.61
238,Helong,CN,2021-01-29 20:53:52,42.5397,128.9972,5.86,90,100,3.91
239,Gelemso,ET,2021-01-29 20:53:52,8.8167,40.5167,60.24,44,0,2.75
240,Gainesville,US,2021-01-29 20:50:45,29.6516,-82.3248,64.0,31,1,8.05
241,Sechura,PE,2021-01-29 20:53:53,-5.5569,-80.8222,82.6,56,1,15.64
242,Cabo San Lucas,MX,2021-01-29 20:53:53,22.8909,-109.9124,84.0,60,1,17.27
243,Severo-Yeniseyskiy,RU,2021-01-29 20:53:53,60.3725,93.0408,-32.49,84,100,5.32
244,Itoman,JP,2021-01-29 20:53:53,26.1247,127.6694,55.4,54,20,6.91
245,Okha,RU,2021-01-29 20:53:53,53.5739,142.9478,-4.74,90,99,10.51
246,Terra Santa,BR,2021-01-29 20:53:54,-2.1042,-56.4869,83.73,78,100,2.1
247,San Jose,US,2021-01-29 20:49:55,37.3394,-121.895,57.0,58,40,2.13
248,Mount Darwin,ZW,2021-01-29 20:53:54,-16.7725,31.5838,69.13,91,100,2.15
249,Yulara,AU,2021-01-29 20:53:54,-25.2406,130.9889,78.8,65,75,11.5
250,Talnakh,RU,2021-01-29 20:53:54,69.4865,88.3972,-31.94,67,1,1.43
251,Manggar,ID,2021-01-29 20:53:54,-2.8833,108.2667,78.66,84,100,11.43
252,Firminy,FR,2021-01-29 20:53:55,45.3873,4.2907,48.2,66,0,4.61
253,Porto Walter,BR,2021-01-29 20:53:55,-8.2686,-72.7439,85.46,67,13,3.11
254,Dzaoudzi,YT,2021-01-29 20:53:55,-12.7887,45.2699,82.4,78,75,8.05
255,Bereznik,RU,2021-01-29 20:53:55,62.8551,42.7072,21.07,97,100,9.64
256,Nuuk,GL,2021-01-29 20:53:46,64.1835,-51.7216,30.2,55,1,1.14
257,Bemidji,US,2021-01-29 20:53:56,47.4736,-94.8803,24.01,73,40,16.11
258,Miranda,CO,2021-01-29 20:53:56,3.2499,-76.2281,89.6,40,20,4.61
259,Ilulissat,GL,2021-01-29 20:53:56,69.2167,-51.1,1.4,55,20,4.61
260,Salinopolis,BR,2021-01-29 20:52:10,-0.6136,-47.3561,81.54,77,95,13.82
261,Mandera,KE,2021-01-29 20:53:56,3.9366,41.867,81.61,20,10,11.07
262,Hobyo,SO,2021-01-29 20:53:56,5.3505,48.5268,75.88,74,19,16.75
263,Castro,BR,2021-01-29 20:53:57,-24.7911,-50.0119,69.04,93,97,7.34
264,Shuangcheng,CN,2021-01-29 20:53:57,45.35,126.2833,-4.0,84,75,8.95
265,Kodinsk,RU,2021-01-29 20:53:57,58.6881,99.1844,-28.55,81,91,6.33
266,Siva,EG,2021-01-29 20:53:57,29.2041,25.5195,49.98,49,0,6.31
267,Kaitangata,NZ,2021-01-29 20:53:57,-46.2817,169.8464,55.0,74,78,3.0
268,Muborak,UZ,2021-01-29 20:53:58,39.2553,65.1528,45.95,49,0,8.75
269,Gunjur,GM,2021-01-29 20:53:58,13.2019,-16.7339,77.0,47,0,16.55
270,Husavik,IS,2021-01-29 20:53:58,66.0449,-17.3389,21.2,86,75,2.3
271,Cidreira,BR,2021-01-29 20:53:58,-30.1811,-50.2056,79.59,87,100,8.3
272,Medea,DZ,2021-01-29 20:53:58,36.2642,2.7539,55.4,88,0,3.44
273,Plateros,MX,2021-01-29 20:53:58,23.2167,-102.85,64.4,36,75,11.5
274,Asekeyevo,RU,2021-01-29 20:53:59,53.5742,52.7972,28.33,98,99,8.97
275,Bulakamba,ID,2021-01-29 20:53:59,-6.8748,108.9559,77.88,83,100,14.61
276,Lulea,SE,2021-01-29 20:54:00,65.5842,22.1547,-2.2,84,90,10.36
277,Kenai,US,2021-01-29 20:54:00,60.5544,-151.2583,16.0,85,75,6.91
278,Virginia Beach,US,2021-01-29 20:49:13,36.8529,-75.978,34.0,37,75,20.71
279,Kamenka,RU,2021-01-29 20:54:00,51.3223,42.7678,32.0,92,88,16.37
280,Sebina,BW,2021-01-29 20:54:00,-20.8667,27.25,69.4,84,95,4.63
281,Souillac,MU,2021-01-29 20:54:01,-20.5167,57.5167,80.6,78,75,11.5
282,Queanbeyan,AU,2021-01-29 20:54:01,-35.35,149.2333,64.4,100,90,3.44
283,Toktogul,KG,2021-01-29 20:54:01,41.8708,72.9402,24.04,61,0,1.92
284,Mackay,AU,2021-01-29 20:54:01,-21.15,149.2,73.99,88,40,6.91
285,Lompoc,US,2021-01-29 20:54:01,34.6391,-120.4579,52.0,82,75,4.61
286,Jardim,BR,2021-01-29 20:54:02,-21.4803,-56.1381,81.21,75,99,8.05
287,Kahului,US,2021-01-29 20:54:02,20.8947,-156.47,75.2,64,40,19.57
288,Los Llanos De Aridane,ES,2021-01-29 20:54:02,28.6585,-17.9182,66.0,94,75,6.91
289,Tshikapa,CD,2021-01-29 20:54:02,-6.4167,20.8,73.4,85,98,2.19
290,Bulungu,CD,2021-01-29 20:54:02,-4.55,18.6,74.77,83,100,1.43
291,Sao Joao Da Barra,BR,2021-01-29 20:53:08,-21.6403,-41.0511,84.2,58,0,20.71
292,Boyolangu,ID,2021-01-29 20:54:03,-8.1181,111.8935,74.1,90,100,3.29
293,Jaguaribe,BR,2021-01-29 20:53:08,-5.8906,-38.6219,87.1,47,94,4.12
294,Mesyagutovo,RU,2021-01-29 20:54:03,55.5303,58.2528,23.09,87,100,4.74
295,Metu,ET,2021-01-29 20:54:03,8.3,35.5833,62.4,64,72,2.51
296,Linkoping,SE,2021-01-29 20:54:04,58.4109,15.6216,16.0,92,87,6.91
297,Beni Mazar,EG,2021-01-29 20:54:04,28.4962,30.8029,46.63,56,0,4.32
298,Yokadouma,CM,2021-01-29 20:54:04,3.5167,15.05,73.92,62,62,1.66
299,Guerrero Negro,MX,2021-01-29 20:54:04,27.9769,-114.0611,66.4,55,0,13.47
300,Port Lincoln,AU,2021-01-29 20:54:04,-34.7333,135.8667,61.61,73,54,12.28
301,Portland,US,2021-01-29 20:51:37,45.5234,-122.6762,46.0,87,90,3.44
302,Aguimes,ES,2021-01-29 20:54:05,27.9054,-15.4461,69.01,72,0,2.3
303,Bud,US,2021-01-29 20:54:05,39.447,-86.1758,34.0,61,1,6.8
304,Kruisfontein,ZA,2021-01-29 20:54:05,-34.0033,24.7314,63.0,81,1,1.01
305,Provideniya,RU,2021-01-29 20:54:05,64.3833,-173.3,-8.39,82,93,8.39
306,Nakhon Pathom,TH,2021-01-29 20:54:05,13.9833,100.0833,84.0,47,92,1.32
307,Samarai,PG,2021-01-29 20:54:06,-10.6167,150.6667,81.75,77,93,7.85
308,Winneba,GH,2021-01-29 20:54:06,5.3511,-0.6231,84.2,79,75,5.75
309,Kaberamaido,UG,2021-01-29 20:54:06,1.7389,33.1594,77.36,38,62,6.64
310,Lorengau,PG,2021-01-29 20:54:06,-2.0226,147.2712,82.65,78,98,9.71
311,Kholm,RU,2021-01-29 20:54:07,59.2667,32.85,26.29,97,94,8.48
312,Prijepolje,RS,2021-01-29 20:54:07,43.3719,19.6406,33.8,100,90,1.14
313,Puerto Narino,CO,2021-01-29 20:54:07,-3.7703,-70.3831,75.2,94,90,4.61
314,Olafsvik,IS,2021-01-29 20:54:07,64.8945,-23.7142,33.51,93,100,1.68
315,Barabinsk,RU,2021-01-29 20:54:07,55.3571,78.357,14.22,97,100,6.4
316,Bitam,GA,2021-01-29 20:54:07,2.076,11.5007,71.08,93,96,3.44
317,Adjumani,UG,2021-01-29 20:54:08,3.3779,31.7909,81.55,36,48,2.8
318,Benjamin Constant,BR,2021-01-29 20:53:09,-4.3831,-70.0311,75.2,94,75,3.44
319,Baherden,TM,2021-01-29 20:49:40,38.4362,57.4316,52.72,41,93,3.67
320,Labuan,MY,2021-01-29 20:54:08,5.2767,115.2417,78.8,89,20,2.3
321,Gizo,SB,2021-01-29 20:54:08,-8.103,156.8419,83.19,78,99,13.76
322,Pasan,IN,2021-01-29 20:54:09,22.85,82.2,48.96,46,0,4.41
323,Mount Pleasant,US,2021-01-29 20:54:09,32.7941,-79.8626,50.0,27,1,6.91
324,Santa Barbara,US,2021-01-29 20:50:37,34.7333,-120.0343,50.0,93,90,4.61
325,Vila,PT,2021-01-29 20:54:09,42.0304,-8.1588,52.0,95,100,12.33
326,Kibala,TD,2021-01-29 20:54:10,9.1104,18.3463,77.0,33,0,3.11
327,Grand Gaube,MU,2021-01-29 20:54:10,-20.0064,57.6608,79.0,82,0,5.01
328,General Roca,AR,2021-01-29 20:50:21,-39.0333,-67.5833,73.4,56,20,5.75
329,Phillaur,IN,2021-01-29 20:54:10,31.0292,75.7842,44.58,58,0,5.01
330,Nemuro,JP,2021-01-29 20:54:11,43.3236,145.575,28.31,98,100,13.35
331,Achacachi,BO,2021-01-29 20:54:11,-16.05,-68.6833,52.97,49,80,6.46
332,Dwarka,IN,2021-01-29 20:54:11,22.2394,68.9678,66.63,39,57,10.63
333,Kutum,SD,2021-01-29 20:54:11,14.2,24.6667,57.47,34,10,11.81
334,Pisco,PE,2021-01-29 20:54:11,-13.7,-76.2167,78.8,61,0,11.5
335,Tautira,PF,2021-01-29 20:54:12,-17.7333,-149.15,86.0,66,40,14.97
336,Noumea,NC,2021-01-29 20:54:12,-22.2763,166.4572,80.01,78,75,3.44
337,Hammerfest,NO,2021-01-29 20:54:12,70.6634,23.6821,17.6,73,75,6.91
338,Havre-Saint-Pierre,CA,2021-01-29 20:54:12,50.2334,-63.5986,19.4,53,1,5.75
339,Filadelfia,US,2021-01-29 20:50:57,39.9523,-75.1638,28.4,34,90,25.32
340,Connersville,US,2021-01-29 20:54:12,39.6412,-85.1411,32.0,57,32,2.33
341,East London,ZA,2021-01-29 20:54:13,-33.0153,27.9116,71.94,64,11,1.16
342,Ulaangom,MN,2021-01-29 20:54:13,49.9811,92.0667,-9.53,89,64,0.92
343,Solnechnyy,RU,2021-01-29 20:54:13,50.7214,136.6319,-6.99,88,100,6.17
344,Isla Mujeres,MX,2021-01-29 20:54:13,21.2311,-86.731,75.2,60,75,13.8
345,Palafrugell,ES,2021-01-29 20:54:13,41.9174,3.1631,54.0,87,40,0.94
346,Gao,ML,2021-01-29 20:54:14,16.6362,1.637,70.41,20,0,11.74
347,Batemans Bay,AU,2021-01-29 20:54:14,-35.7167,150.1833,69.01,97,100,1.99
348,Tyrma,RU,2021-01-29 20:54:14,50.0833,132.1667,-25.53,83,0,0.89
349,Luanda,AO,2021-01-29 20:51:44,-8.8368,13.2343,80.6,78,20,8.05
350,Cayenne,GF,2021-01-29 20:53:05,4.9333,-52.3333,78.8,100,90,1.14
351,Sayyan,YE,2021-01-29 20:54:15,15.1718,44.3244,48.15,52,0,0.92
352,Chumikan,RU,2021-01-29 20:49:45,54.7183,135.315,-13.07,87,100,10.4
353,Quang Ngai,VN,2021-01-29 20:54:16,15.1167,108.8,66.02,87,86,3.11
354,Mareeba,AU,2021-01-29 20:54:16,-17.0,145.4333,77.0,88,75,9.22
355,Antigonish,CA,2021-01-29 20:54:16,45.6169,-61.9986,28.99,77,100,3.0
356,Ganzhou,CN,2021-01-29 20:54:16,28.8184,115.4327,47.03,54,97,2.21
357,Sun City West,US,2021-01-29 20:50:57,33.662,-112.3413,64.4,34,90,16.11
358,Chanal,MX,2021-01-29 20:54:16,16.7167,-92.4,87.8,27,20,9.22
359,Alekseyevsk,RU,2021-01-29 20:54:17,57.8406,108.3492,-39.59,78,19,3.24
360,Neuquen,AR,2021-01-29 20:54:17,-38.9516,-68.0591,73.4,56,20,5.75
361,Macklin,CA,2021-01-29 20:54:17,52.3334,-109.9348,5.0,85,100,6.91
362,Port-Gentil,GA,2021-01-29 20:54:17,-0.7193,8.7815,80.6,83,40,4.61
363,Lenoir,US,2021-01-29 20:54:18,35.2335,-77.6497,39.99,35,1,11.5
364,Necochea,AR,2021-01-29 20:54:18,-38.5473,-58.7368,75.99,48,76,4.79
365,Mabaruma,GY,2021-01-29 20:54:18,8.2,-59.7833,79.32,77,91,5.41
366,Belen,TR,2021-01-29 20:54:18,36.4891,36.2233,44.6,81,40,8.05
367,Kyra,RU,2021-01-29 20:54:18,49.5776,111.9753,-15.52,82,100,2.42
368,Bilibino,RU,2021-01-29 20:54:19,68.0546,166.4372,-25.33,79,17,4.94
369,Omis,HR,2021-01-29 20:54:19,43.4447,16.6886,50.0,93,75,8.05
370,Magadan,RU,2021-01-29 20:54:19,59.5667,150.8,-16.44,77,46,10.45
371,Narasannapeta,IN,2021-01-29 20:54:19,18.4167,84.05,71.01,78,44,2.15
372,Khandyga,RU,2021-01-29 20:54:20,62.6667,135.6,-52.6,75,88,1.66
373,Avera,US,2021-01-29 20:50:26,33.194,-82.5271,51.8,32,1,1.66
374,Rawson,AR,2021-01-29 20:54:20,-43.3002,-65.1023,60.33,53,30,18.52
375,Tilichiki,RU,2021-01-29 20:54:20,60.4667,166.1,-7.28,92,84,10.13
376,Jacareacanga,BR,2021-01-29 20:54:20,-6.2222,-57.7528,88.75,58,73,2.1
377,Ballina,AU,2021-01-29 20:54:21,-28.8667,153.5667,69.8,94,40,2.1
378,Faya,SA,2021-01-29 20:54:21,18.3851,42.4509,60.8,36,0,10.36
379,Soe,ID,2021-01-29 20:49:39,-9.8607,124.284,67.19,96,100,3.91
380,Effingham,US,2021-01-29 20:54:21,32.3669,-81.3332,55.4,33,1,6.91
381,Nakuru,KE,2021-01-29 20:54:21,-0.2833,36.0667,59.67,72,81,1.61
382,Touros,BR,2021-01-29 20:54:22,-5.1989,-35.4608,82.4,69,20,16.11
383,Tokonou,GN,2021-01-29 20:54:22,9.65,-9.7833,75.13,18,1,3.38
384,Barentu,ER,2021-01-29 20:49:58,15.1139,37.5928,61.41,84,11,4.0
385,Mildura,AU,2021-01-29 20:54:22,-34.2,142.15,60.01,94,0,5.75
386,Ravar,IR,2021-01-29 20:54:22,31.2656,56.8055,60.49,30,40,18.14
387,Bubaque,GW,2021-01-29 20:54:22,11.2833,-15.8333,78.69,72,0,13.98
388,Varzea Da Palma,BR,2021-01-29 20:54:23,-17.5981,-44.7308,81.1,56,30,3.96
389,Ostrovnoy,RU,2021-01-29 20:54:23,68.0531,39.5131,7.63,93,100,17.81
390,Petropavlovsk-Kamchatskiy,RU,2021-01-29 20:53:06,53.0452,158.6483,5.0,85,98,6.71
391,Mindelo,CV,2021-01-29 20:54:23,16.8901,-24.9804,73.4,68,20,14.97
392,Kieta,PG,2021-01-29 20:54:23,-6.2167,155.6333,82.45,79,43,10.63
393,Tabou,CI,2021-01-29 20:54:24,4.423,-7.3528,77.99,86,79,5.53
394,Aykhal,RU,2021-01-29 20:49:30,66.0,111.5,-34.44,81,85,7.02
395,Griffith,US,2021-01-29 20:50:01,41.5284,-87.4237,32.0,51,90,6.91
396,Havelock,US,2021-01-29 20:54:24,34.8791,-76.9013,39.2,41,1,11.5
397,Snyder,US,2021-01-29 20:52:27,32.7179,-100.9176,60.8,48,1,16.11
398,Ayan,RU,2021-01-29 20:54:25,56.45,138.1667,-9.08,86,100,1.88
399,Chabahar,IR,2021-01-29 20:54:25,25.2919,60.643,67.59,55,0,6.96
400,Ternate,ID,2021-01-29 20:54:25,0.8,127.4,79.16,82,76,6.82
401,Saint-Augustin,CA,2021-01-29 20:54:25,51.226,-58.6502,17.17,91,0,12.53
402,Imeni Stepana Razina,RU,2021-01-29 20:54:26,54.8932,44.2963,24.67,96,88,12.24
403,Ahipara,NZ,2021-01-29 20:54:26,-35.1667,173.1667,67.23,58,0,7.78
404,Mohacs,HU,2021-01-29 20:54:26,45.9931,18.6831,42.8,93,40,8.05
405,Puerto Madryn,AR,2021-01-29 20:54:26,-42.7692,-65.0385,63.64,48,6,19.6
406,Dovers,VC,2021-01-29 20:54:27,12.8833,-61.1833,80.6,69,40,9.22
407,Berbera,SO,2021-01-29 20:54:27,10.4396,45.0143,73.83,77,2,4.32
408,Talcahuano,CL,2021-01-29 20:54:27,-36.7167,-73.1167,59.0,100,90,10.36
409,Humaita,BR,2021-01-29 20:54:27,-7.5061,-63.0208,82.0,89,100,1.39
410,Porbandar,IN,2021-01-29 20:54:28,21.6422,69.6093,63.19,35,47,11.72
411,Yurginskoye,RU,2021-01-29 20:54:28,56.8189,67.3921,9.23,95,100,5.95
412,Manjo,CM,2021-01-29 20:54:28,4.8428,9.8217,73.54,81,78,1.34
413,Kavaratti,IN,2021-01-29 20:54:28,10.5669,72.642,80.31,72,11,8.97
414,Goderich,CA,2021-01-29 20:52:50,43.7501,-81.7165,23.0,74,100,18.41
415,Pacific Grove,US,2021-01-29 20:50:25,36.6177,-121.9166,55.4,62,40,4.61
416,Natal,BR,2021-01-29 20:51:31,-5.795,-35.2094,82.4,74,20,16.11
417,Daru,PG,2021-01-29 20:54:29,-9.0763,143.2092,77.18,87,100,12.5
418,Fraga,ES,2021-01-29 20:54:29,41.5229,0.3489,55.0,87,0,10.36
419,Pevek,RU,2021-01-29 20:54:29,69.7008,170.3133,-28.97,85,5,2.91
420,Te Anau,NZ,2021-01-29 20:54:30,-45.4167,167.7167,47.79,76,45,0.78
421,Tabuk,PH,2021-01-29 20:54:30,17.4189,121.4443,63.41,89,77,7.07
422,Byron Bay,AU,2021-01-29 20:54:30,-28.65,153.6167,69.8,94,40,2.66
423,Liverpool,GB,2021-01-29 20:53:43,53.4106,-2.9779,42.8,93,75,6.91
424,Avigliana,IT,2021-01-29 20:54:30,45.0771,7.3986,50.0,57,75,9.22
425,Jati,PK,2021-01-29 20:54:30,24.3539,68.2671,56.61,49,0,6.67
426,Caxito,AO,2021-01-29 20:54:31,-8.5785,13.6643,80.6,78,20,8.05
427,Dong Hoi,VN,2021-01-29 20:54:31,17.4833,106.6,66.29,89,66,2.68
428,Abaete,BR,2021-01-29 20:51:24,-19.16,-45.4458,79.14,59,100,3.24
429,Cooma,AU,2021-01-29 20:54:31,-36.2333,149.1333,59.0,94,75,8.05
430,Paka,MY,2021-01-29 20:54:31,4.6374,103.4368,78.8,83,100,6.91
431,Tumsar,IN,2021-01-29 20:54:32,21.3833,79.7333,60.12,30,0,8.63
432,Sena Madureira,BR,2021-01-29 20:54:32,-9.0656,-68.6569,84.43,64,65,5.41
433,Lisakovsk,KZ,2021-01-29 20:54:32,52.5369,62.4936,16.59,95,100,9.75
434,Matagami,CA,2021-01-29 20:54:32,49.7502,-77.6328,1.4,85,90,11.5
435,Ferry Pass,US,2021-01-29 20:51:03,30.5102,-87.2125,62.01,33,1,8.05
436,Ornes,NO,2021-01-29 20:54:33,66.8689,13.7078,19.4,53,0,21.85
437,Berlevag,NO,2021-01-29 20:54:33,70.8578,29.0864,21.2,79,75,8.05
438,Ibaiti,BR,2021-01-29 20:54:33,-23.8486,-50.1878,73.0,99,100,5.99
439,Itaueira,BR,2021-01-29 20:54:33,-7.6033,-43.0256,82.24,64,100,4.07
440,Naron,ES,2021-01-29 20:54:33,43.5167,-8.1528,57.99,100,75,12.66
441,Hauterive,FR,2021-01-29 20:54:34,46.0901,3.4459,50.0,62,0,13.8
442,Sambava,MG,2021-01-29 20:54:34,-14.2667,50.1667,76.98,87,100,4.23
443,Turka,UA,2021-01-29 20:54:34,49.1541,23.0297,28.99,80,100,5.17
444,Marsaxlokk,MT,2021-01-29 20:54:34,35.8419,14.5431,60.8,77,0,14.97
445,San Rafael,AR,2021-01-29 20:54:35,-34.6177,-68.3301,84.43,22,92,7.02
446,Sakti,IN,2021-01-29 20:54:35,22.0333,82.9667,59.67,44,0,6.85
447,Gamba,GA,2021-01-29 20:54:11,-2.65,10.0,78.55,88,100,5.84
448,Mount Isa,AU,2021-01-29 20:54:35,-20.7333,139.5,80.6,61,40,3.44
449,Hiroshima,JP,2021-01-29 20:53:40,34.3963,132.4594,32.0,64,20,9.22
450,Nelson Bay,AU,2021-01-29 20:54:36,-32.7167,152.15,73.0,94,99,8.05
451,Bambous Virieux,MU,2021-01-29 20:54:36,-20.3428,57.7575,80.6,78,75,11.5
452,Dzerzhinskoye,RU,2021-01-29 20:54:36,56.8344,95.2283,-16.98,88,100,2.86
453,Bathsheba,BB,2021-01-29 20:54:36,13.2167,-59.5167,82.4,65,20,16.11
454,Asau,RO,2021-01-29 20:54:36,46.4333,26.4,37.0,56,96,5.1
455,Hasaki,JP,2021-01-29 20:54:37,35.7333,140.8333,33.8,51,20,9.22
456,Yelatma,RU,2021-01-29 20:54:37,54.9675,41.7508,26.74,98,98,14.03
457,Okhotsk,RU,2021-01-29 20:54:37,59.3833,143.3,-13.52,84,0,5.88
458,Omboue,GA,2021-01-29 20:54:37,-1.5746,9.2618,78.55,87,100,5.88
459,Boda,CF,2021-01-29 20:54:37,4.3189,17.4695,79.47,51,98,1.83
460,Devils Lake,US,2021-01-29 20:54:38,48.1128,-98.8651,19.99,93,90,16.11
461,Harnosand,SE,2021-01-29 20:54:38,62.6323,17.9379,10.0,85,90,4.61
462,Port Pirie,AU,2021-01-29 20:54:38,-33.1833,138.0167,66.2,72,90,12.66
463,Kang,BW,2021-01-29 20:54:38,-23.6752,22.7876,71.44,69,100,6.29
464,Carballo,ES,2021-01-29 20:54:38,43.213,-8.691,55.99,100,75,12.66
465,Itarantim,BR,2021-01-29 20:54:39,-15.6597,-40.0656,77.65,69,89,7.58
466,Orange,US,2021-01-29 20:52:45,33.7,-117.7675,55.99,76,75,4.61
467,Vynohradove,UA,2021-01-29 20:54:39,46.3696,32.9398,35.6,93,75,8.95
468,Sivas,TR,2021-01-29 20:54:31,39.7916,37.0019,10.4,85,0,4.61
469,Ancud,CL,2021-01-29 20:54:40,-41.8697,-73.8203,62.6,51,0,10.36
470,Jingdezhen,CN,2021-01-29 20:54:40,29.2947,117.2079,40.39,71,55,2.84
471,Hays,US,2021-01-29 20:54:41,30.0502,-98.0336,66.99,60,48,5.99
472,Kardla,EE,2021-01-29 20:54:41,58.9978,22.7492,27.0,91,100,11.01
473,Salina Cruz,MX,2021-01-29 20:51:15,16.1667,-95.2,84.9,47,24,27.56
474,Sobolevo,RU,2021-01-29 20:54:41,54.4299,31.8996,24.04,98,100,12.44
475,Rabo De Peixe,PT,2021-01-29 20:54:41,37.8,-25.5833,59.0,88,20,6.91
476,Namatanai,PG,2021-01-29 20:54:42,-3.6667,152.4333,82.09,81,89,11.54
477,Dombarovskiy,RU,2021-01-29 20:54:42,50.7587,59.5386,17.98,96,100,14.29
478,Paamiut,GL,2021-01-29 20:54:42,61.994,-49.6678,33.69,82,74,8.77
479,Kalian,PH,2021-01-29 20:54:42,6.1231,125.7003,78.67,78,76,11.63
480,Gasa,PS,2021-01-29 20:54:42,31.5,34.4667,55.99,100,48,14.74
481,Tarakan,ID,2021-01-29 20:54:43,3.3,117.6333,77.0,94,40,3.44
482,Bonthe,SL,2021-01-29 20:54:43,7.5264,-12.505,78.89,83,0,7.14
483,Ierapetra,GR,2021-01-29 20:54:43,35.01,25.7353,57.99,75,100,14.97
484,Fort Myers Beach,US,2021-01-29 20:54:43,26.452,-81.9481,73.0,40,1,4.61
485,Luderitz,NA,2021-01-29 20:54:43,-26.6481,15.1594,72.07,39,0,25.48
486,Dawlatabad,AF,2021-01-29 20:54:44,36.4141,64.9053,44.83,53,0,2.68
487,Coahuayana,MX,2021-01-29 20:54:44,18.7333,-103.6833,87.8,40,40,6.8
488,Abu Dhabi,AE,2021-01-29 20:50:49,24.4667,54.3667,69.8,56,0,8.05
489,Baiao,BR,2021-01-29 20:54:44,-2.7906,-49.6717,81.14,77,99,0.67
490,Tiarei,PF,2021-01-29 20:54:44,-17.5333,-149.3333,86.0,66,40,14.97
491,Namuac,PH,2021-01-29 20:54:45,18.6109,121.1657,68.54,83,100,18.19
492,Agirish,RU,2021-01-29 20:50:04,61.9247,63.0231,-18.2,87,100,6.51
493,Bumbuna,SL,2021-01-29 20:54:45,9.05,-11.7333,79.92,46,0,2.28
494,Champerico,GT,2021-01-29 20:54:45,14.3,-91.9167,91.4,52,40,9.22
495,Dauriya,RU,2021-01-29 20:54:45,49.9333,116.8667,-30.84,82,11,2.24
496,Svetlogorsk,BY,2021-01-29 20:50:02,52.6333,29.7333,19.92,97,95,10.87
497,North Platte,US,2021-01-29 20:53:44,41.1239,-100.7654,33.01,69,1,3.91
498,Palmer,US,2021-01-29 20:50:02,42.1584,-72.3287,17.01,45,20,25.32
499,Novopavlovka,RU,2021-01-29 20:54:46,51.2172,109.2091,-8.43,88,100,1.7
500,Rajampet,IN,2021-01-29 20:54:46,14.1833,79.1667,66.69,88,0,2.3
501,Danane,CI,2021-01-29 20:54:46,7.2596,-8.155,77.76,57,43,1.77
502,Imeni Poliny Osipenko,RU,2021-01-29 20:54:47,52.4201,136.4853,-7.13,91,100,11.5
503,Stornoway,GB,2021-01-29 20:50:28,58.2093,-6.3865,37.4,81,40,9.22
504,Jumla,NP,2021-01-29 20:54:47,29.2747,82.1838,26.85,71,0,3.38
505,Yaan,NG,2021-01-29 20:54:47,7.3833,8.5667,80.98,15,0,3.02
506,Dunedin,NZ,2021-01-29 20:54:47,-45.8742,170.5036,54.0,67,57,8.99
507,Varadero,CU,2021-01-29 20:54:47,23.1536,-81.2514,73.4,64,40,14.97
508,Progreso,MX,2021-01-29 20:54:48,21.2833,-89.6667,81.0,47,75,4.61
509,Belyy Yar,RU,2021-01-29 20:54:48,53.6039,91.3903,26.6,63,0,6.71
510,Fairbanks,US,2021-01-29 20:52:19,64.8378,-147.7164,3.99,77,40,3.44
511,Krasnovishersk,RU,2021-01-29 20:54:48,60.4078,57.082,12.7,93,100,6.93
512,Tazovskiy,RU,2021-01-29 20:54:49,67.4667,78.7,-37.5,79,0,6.4
513,Alyangula,AU,2021-01-29 20:54:49,-13.8483,136.4192,78.8,100,100,2.3
514,Hirna,ET,2021-01-29 20:54:49,9.2167,41.1,59.0,47,0,1.12
515,Shingu,JP,2021-01-29 20:54:49,33.7333,135.9833,34.75,82,0,7.47
516,Drochia,MD,2021-01-29 20:54:49,48.035,27.8161,29.93,92,88,4.61
517,Annau,TM,2021-01-29 20:54:49,37.8876,58.516,51.8,50,75,6.91
518,Anori,BR,2021-01-29 20:54:50,-3.7728,-61.6442,80.67,88,100,2.01
519,Great Yarmouth,GB,2021-01-29 20:54:50,52.6083,1.7305,45.0,93,90,1.14
520,Cordoba,AR,2021-01-29 20:54:50,-31.4135,-64.1811,84.99,65,75,8.05
521,Ishigaki,JP,2021-01-29 20:54:51,24.3448,124.1572,61.34,63,96,16.4
522,Waingapu,ID,2021-01-29 20:54:51,-9.6567,120.2641,78.28,81,80,11.88
523,Naryan-Mar,RU,2021-01-29 20:50:04,67.6713,53.087,-12.68,84,100,14.14
524,Natalinsk,RU,2021-01-29 20:54:51,56.4739,57.8698,21.52,90,100,5.21
525,Yatou,CN,2021-01-29 20:54:51,37.15,122.3833,32.59,90,0,8.55
526,Zonguldak,TR,2021-01-29 20:54:51,41.25,31.8333,32.61,86,87,6.51
527,Kloulklubed,PW,2021-01-29 20:54:52,7.0419,134.2556,78.8,100,75,6.91
528,Hibbing,US,2021-01-29 20:50:14,47.4272,-92.9377,24.8,63,1,12.66
529,Russell,US,2021-01-29 20:54:52,32.3502,-85.1999,59.0,26,1,3.44
530,Grand Forks,US,2021-01-29 20:53:01,47.9417,-97.4337,23.0,93,90,11.5
531,Uige,AO,2021-01-29 20:54:52,-7.6087,15.0613,67.32,95,97,1.28
532,Vestmannaeyjar,IS,2021-01-29 20:54:52,63.4427,-20.2734,36.43,80,96,8.77
533,Madang,PG,2021-01-29 20:54:53,-5.2246,145.7966,77.11,90,98,6.13
534,Marathon,US,2021-01-29 20:54:53,44.9,-89.7668,25.0,39,20,8.05
535,Waddan,LY,2021-01-29 20:54:53,29.1614,16.139,57.85,46,0,4.0
536,Guane,CU,2021-01-29 20:54:53,22.2025,-84.0875,76.75,53,22,8.93
537,Taoudenni,ML,2021-01-29 20:54:53,22.6783,-3.9836,72.93,20,0,12.39
538,Davila,PH,2021-01-29 20:50:27,18.4726,120.5763,71.02,77,5,27.6
539,Lake Jackson,US,2021-01-29 20:54:54,29.0339,-95.4344,64.99,67,1,10.36
540,Lagoa,PT,2021-01-29 20:54:54,39.05,-27.9833,59.11,76,8,11.25
541,Mayo,US,2021-01-29 20:54:54,38.8876,-76.5119,32.0,40,90,14.97
542,Kinsale,IE,2021-01-29 20:54:54,51.7075,-8.5306,46.99,100,75,14.97
543,Bagdarin,RU,2021-01-29 20:54:55,54.4333,113.6,-30.06,79,8,1.14
544,Ouallam,NE,2021-01-29 20:54:55,14.3188,2.0866,75.34,17,0,10.0
545,Whitehorse,CA,2021-01-29 20:54:55,60.7161,-135.0538,-2.2,78,75,13.8
546,Roald,NO,2021-01-29 20:50:39,62.5833,6.1333,33.8,93,90,12.66
547,Hamilton,US,2021-01-29 20:52:59,39.1834,-84.5333,34.0,55,90,1.3
548,Belaya Gora,RU,2021-01-29 20:50:19,68.5333,146.4167,-28.37,85,100,3.36
549,Suntar,RU,2021-01-29 20:54:56,62.1444,117.6319,-49.74,76,83,2.55
550,Estelle,US,2021-01-29 20:54:56,29.8458,-90.1067,59.0,62,1,4.83
551,Domokos,GR,2021-01-29 20:54:56,39.1272,22.3003,54.0,81,20,5.84
552,Mersing,MY,2021-01-29 20:54:56,2.4312,103.8405,77.0,83,98,13.8
553,Moose Factory,CA,2021-01-29 20:54:56,51.2585,-80.6094,3.2,78,90,8.05
554,Casablanca,MA,2021-01-29 20:54:57,33.5928,-7.6192,59.0,100,40,3.44
555,Charters Towers,AU,2021-01-29 20:54:57,-20.1,146.2667,72.07,81,43,5.99
556,Nhulunbuy,AU,2021-01-29 20:54:57,-12.2333,136.7667,80.6,83,49,8.05
557,Abashiri,JP,2021-01-29 20:54:57,44.0213,144.2697,28.99,84,100,5.99
558,Tourlaville,FR,2021-01-29 20:54:57,49.6383,-1.5664,48.99,93,0,8.05
559,Tahe,CN,2021-01-29 20:54:58,52.3333,124.7333,-29.83,83,100,2.64
560,Bonavista,CA,2021-01-29 20:54:58,48.6499,-53.1147,27.0,93,100,4.61
561,Funadhoo,MV,2021-01-29 20:54:58,6.15,73.2667,80.55,68,0,8.5
562,Washington,US,2021-01-29 20:54:12,47.5001,-120.5015,41.0,81,46,1.3
563,Labuhan,ID,2021-01-29 20:54:58,-6.8844,112.2051,77.76,86,100,16.15
564,Lethem,GY,2021-01-29 20:54:58,3.3803,-59.7968,88.59,46,88,10.65
565,Atbasar,KZ,2021-01-29 20:54:59,51.8,68.3333,14.59,92,0,6.42
566,Kamaishi,JP,2021-01-29 20:54:59,39.2667,141.8833,27.03,88,35,29.77
567,La Libertad,EC,2021-01-29 20:54:59,-2.2333,-80.9,84.2,79,0,10.36
568,Tura,IN,2021-01-29 20:54:59,25.5198,90.2201,55.89,53,0,1.83
569,Vidim,RU,2021-01-29 20:55:00,56.4088,103.1106,-17.72,87,100,3.91
570,Inuvik,CA,2021-01-29 20:55:00,68.3499,-133.7218,-29.2,68,6,8.05
571,Kununurra,AU,2021-01-29 20:55:00,-15.7667,128.7333,78.8,100,40,8.05
572,Takoradi,GH,2021-01-29 20:55:00,4.8845,-1.7554,79.41,85,100,5.61
573,Ban Phai,TH,2021-01-29 20:55:00,16.06,102.731,66.99,77,2,4.61
574,Pandan,PH,2021-01-29 20:55:01,14.0453,124.1694,74.19,83,100,22.55
575,Murwillumbah,AU,2021-01-29 20:50:57,-28.3167,153.4,75.99,83,75,3.44
576,Concarneau,FR,2021-01-29 20:55:01,47.875,-3.9225,50.0,100,90,13.8
577,Beeskow,DE,2021-01-29 20:55:02,52.1667,14.25,28.99,72,100,1.01
578,Carutapera,BR,2021-01-29 20:55:03,-1.195,-46.02,81.25,75,100,9.89
579,Freeport,US,2021-01-29 20:50:04,40.6576,-73.5832,27.0,36,90,18.41
580,Bedele,ET,2021-01-29 20:55:03,8.456,36.353,61.7,51,89,4.38
581,Arman,RU,2021-01-29 20:55:04,59.7,150.1667,-17.05,78,20,11.41
582,Karpathos,GR,2021-01-29 20:55:04,35.507,27.2132,60.8,72,100,13.8
583,Panlaitan,PH,2021-01-29 20:55:04,12.1191,119.8486,79.03,71,39,10.63
584,Baft,IR,2021-01-29 20:55:04,29.234,56.6057,44.02,54,25,1.63
585,San Cristobal,VE,2021-01-29 20:52:11,7.7669,-72.225,86.0,58,40,11.5
586,Kumo,NG,2021-01-29 20:55:05,10.0447,11.2122,75.45,19,0,14.16
587,Temiscaming,CA,2021-01-29 20:55:05,46.7212,-79.0971,10.4,67,100,8.05
588,Sayat,TM,2021-01-29 20:55:05,38.7839,63.8803,51.8,24,33,13.8
